Input Size,C++ Serial,Python,OpenMP
5,0.0,0.0,0.0009999275
10,0.0,0.0,0.0009999275
15,0.0,0.0,0.002
20,0.0,0.0009958744,0.002
25,0.0,0.001995,0.002
30,0.0,0.002998,0.002
35,0.001,0.006992,0.002
40,0.002,0.0059990883,0.0020000935
45,0.002,0.008002,0.003
50,0.002,0.025002,0.0039999485
